Label,Id
14-Feb,1
118degreestomorrow,2
12points,3
13news,4
180g,5
19yrs,6
1f,7
2013glastonbury,8
20likes,9
20thBirthday,10
20turnup,11
2from2,12
2inaro,13
2nd,14
2ndTest,15
2ndtimeimissedseeingher,16
30STM,17
33Provinces,18
33rpm,19
3morehours,20
3rdbase,21
3sum,22
49days,23
4am,24
4nations,25
4weekstogo,26
5000km,27
604EXTRAVAGANZA,28
6hobbs,29
6music,30
70sfilter,31
77Hartley,32
7ds,33
8Acts,34
992togo,35
9mm,36
a,37
AAAW,38
AAMI,39
aaronlacyphotography,40
abc2020,41
abs,42
AC,43
accessories,44
accomplished,45
acidhouse,46
AcMilan,47
acoustic,48
AcousticTent,49
ActinAFool,50
Action,51
activities,52
actor,53
ActorLife,54
actsoftheday,55
ACUAPARK,56
adaytoremember,57
addtothebucketlist,58
ADesignForLife,59
adorable,60
adoro,61
ads,62
adtr,63
AdultWork,64
adventures,65
advice,66
aerialPhoto,67
AFC,68
Afghanistan,69
afldeesdogs,70
aflwomensround,71
AFRAM,72
African,73
afrojack,74
afrolicious,75
afterwork,76
ag,77
Aga,78
AgaRadwanska,79
ageisirrelevant,80
AGENCY,81
agriculture,82
ah,83
aha,84
AIA,85
airboat,86
airboataddicts,87
airboating,88
airboatlife,89
airboats,90
AKB48,91
akron,92
Albâtre,93
album,94
alcohol,95
AlderleyEdge,96
alexachung,97
AlexTurner,98
alhambra,99
alice,100
Alien,101
AlisonRiske,102
allaboard,103
Allah,104
alldayer,105
alldaysession,106
allergies,107
Allez,108
AllezFroomedog,109
allison,110
allnight,111
allsmiles,112
alltheladds,113
alltheyoungdudeswithwinterfuelallowance,114
alltime,115
alone,116
AlphaPapa,117
already,118
altj,119
altrock,120
Alwatan_Live,121
always,122
alwaysafuckup,123
alwaysamazing,124
alwaysfaithful,125
AM,126
amandapalmer,127
amantebeachclub,128
amazeballs,129
amazing,130
amazingearth,131
AmazingTiming,132
Amazon,133
ambulance,134
America,135
amg,136
amigas,137
amigos,138
Amortality,139
amsterdam,140
amwriting,141
an,142
analytics,143
ancol,144
and,145
AndOneHellOfANight,146
andreas,147
Andtheirfarm,148
andymurray,149
Angel,150
angelites,151
anglesea,152
animation,153
anklesocks,154
annabells,155
annawintour,156
anniversary,157
annoyed,158
ANTHEM,159
Anticipate,160
Antidotes,161
antifa,162
antonphilipszaal,163
anxiety,164
anxietyattack,165
apparel,166
aquarius,167
AR,168
ArabSpring,169
Arcadia,170
ArcadiaStage,171
ArcaneRoots,172
Arctic,173
ArcticM,174
ArcticMonkeys,175
ArcticMonkeysGLASTONBURY,176
ArcticMonkeysTickets,177
arctics,178
ardenalfrescodining,179
arenanfalun,180
AREYOUGETTINGENOUGH,181
argh,182
Arjun,183
ArjunRampal,184
armchairview,185
ArmedForceDay,186
ArmedForcesDay,187
Arranger,188
art,189
articmonkeys,190
artics,191
artist,192
ArtistsOfTheMonth,193
artsdream,194
arty,195
arundel,196
Asafavidan,197
asalways,198
asar15,199
ashamed,200
ashes,201
Asia,202
Asian,203
asiangirl,204
asianpeople,205
AskDjoker,206
asos,207
ass,208
assen,209
astoncreed,210
at,211
atheism,212
atheist,213
athens,214
athletics,215
atleasttheoneioncehad,216
ATMJAM,217
Atonal,218
atp,219
Attack,220
atthefront,221
August,222
Aus,223
auslions,224
AusOpen,225
Aussie,226
aussiebashing,227
aussies,228
aussiesteak,229
Australia,230
Australie,231
AUSvL,232
AUSvLIO,233
AUSvLIONS,234
AUSvsLIO,235
autoloos,236
autoshow,237
Avalon,238
AVB,239
awakefest,240
awakenings,241
award,242
awards,243
awesome,244
awesomepeople,245
Awesomestow,246
awesomness,247
awful,248
awh,249
awkward,250
awsome,251
axelsyoungerbrother,252
ayianapa,253
AzelaBanks,254
aztec,255
b,256
b2b,257
b2bnet,258
baa,259
baboylife,260
baby,261
babyG,262
backhome,263
backingred,264
backofthenet,265
backstagebar,266
backstagepass,267
Bacon,268
baconroll,269
BaconSandwichs,270
badass,271
BadBlood,272
badger,273
badgercull,274
badgers,275
badgrandson,276
badluck,277
badminton,278
badmintonlovers,279
badnightatthetrack,280
badpants,281
bagoshite,282
Bah,283
Bahrain,284
ballet,285
balloon,286
ballroom,287
baltimore,288
band,289
bandidas,290
bando,291
Bandoeng,292
bands,293
Bandung,294
Bandungcity,295
bandwagon,296
BangingTunesandDJSets,297
BangUpForIt,298
Banter,299
BanterScrum,300
BAP,301
bar,302
barbarella,303
Barbarella2013,304
BarbarellaOnline,305
bargain,306
barny,307
barrier,308
barrow999,309
bartender,310
basecamp,311
baseline,312
bashthebookies,313
basia,314
basketball,315
basketballwives,316
bass,317
bassline,318
bast,319
Bastille,320
bastilleday,321
Bath,322
Baxterfront,323
BBC,324
bbc2,325
BBC6music,326
bbcbreakfast,327
bbccycling,328
BBCf1,329
bbcgl,330
BBCGla,331
bbcglaso,332
bbcglasto,333
BBCiPlayer,334
bbclions,335
bbcmotogp,336
BBCNews,337
bbcr1,338
BBCr3CDreview,339
bbcr4,340
bbcr4today,341
bbcradio4,342
BBCRadio4Today,343
bbcthree,344
BBJazz,345
BBQ,346
bbqtunesatbest,347
bday,348
bdayluv,349
be,350
beach,351
beaches,352
beaconsfestival,353
BeadyEye,354
BEAHEADLINER,355
Beale,356
BeamersOnFriday,357
bear,358
beashamed,359
Beatles,360
Beats,361
beatson,362
beatthestreet,363
beaut,364
beautiful,365
beautifulfriends,366
beautifulskies,367
beautifulweather,368
beautifulwestcork,369
beauty,370
beauvais,371
becarefuloutthere,372
bed,373
bedfullofglitter,374
Bedroom,375
bedtime,376
Beehive,377
beer,378
beerforbreakfast,379
beergarden,380
beerpong,381
beerpongnight,382
beerporn,383
beers,384
behindthescenes,385
bel,386
Belgique,387
belgium,388
Belieber,389
Believe,390
BelieveInMcLaren,391
bellabambini,392
bellystamp,393
belter,394
Benaki,395
benakipireos,396
Benaroya,397
benefitsoflivinginsomerset,398
bénévole,399
benhoward,400
benicassim,401
benicomuni,402
Benidorm,403
benz,404
Berlin,405
besidemommy,406
best,407
bestbandintheworld,408
BestBands,409
bestdayever,410
bestfestivalintheworld,411
bestfriend,412
bestfriends,413
besties,414
bestival,415
bestnightoflife,416
bestoftheday,417
bestones,418
bestthingoflife,419
bestweekendever,420
bet,421
betLIVE,422
betrue,423
betting,424
beverly,425
Beygood,426
Beyinspirational,427
Beyonce,428
bf,429
BFF,430
BGP,431
bgt,432
BH,433
Bhangra,434
bibliot,435
bien,436
Bierfeesten,437
BigAlfstrikesagain,438
bigband,439
bigbang,440
Bigbangtheory,441
bigbikeride,442
bigbrother,443
BigDayOut,444
BigFan,445
biggame,446
biggestregretofmylife,447
bignono,448
BigPush,449
bigscree,450
BIL,451
BilbaoBBKLive,452
BillGates,453
billWylman,454
biology,455
Birmingham,456
birthday,457
BirthdayDayAndNightOut,458
birthdaygirl,459
bizitalk,460
black,461
blackandwhite,462
blackcurrantandsodahonest,463
blackhair,464
blackout,465
blackpooltower,466
BlackTreaclebeerbacon,467
blackwood,468
blazers,469
blessed,470
blinertv,471
bliss,472
blockbuster,473
blockccrim,474
blocparty,475
blog,476
blonde,477
blood,478
bloodymary,479
blowboating,480
blownaway,481
blue,482
blues,483
bluesky,484
bmf,485
boardlife,486
boardmasters,487
Bob,488
bobbybrown,489
BOD,490
BodyShop,491
Boho,492
bohochic,493
bollocks,494
Bonkers,495
boobs,496
boodschappenlijst,497
boogieboard,498
book,499
BOOKINGS,500
boom,501
booomb,502
BOOOORNFREEEEE,503
boots,504
booze,505
Boracay,506
Bordeaux,507
bored,508
Boring,509
boringlife,510
bornsinner,511
boroughfamily,512
bossladyprobs,513
bouncefest,514
bouncingoffthewalls,515
bourani,516
Bourgogne,517
Bowe,518
Bowie,519
BowieState,520
boxing,521
boy,522
boycott,523
boyfriend,524
boys,525
brand,526
brasil,527
brave,528
brazil,529
brazilandspain,530
BrazilvSpain,531
breakfast,532
Breezy,533
bremen,534
brethren,535
BrianJones,536
brianstorm,537
bridgestone,538
Bridgewater,539
brighton,540
Brilliant,541
brimfulofasha,542
bringiton,543
Bristish,544
BristishSummertime,545
Bristol,546
Bristolgaypride,547
Brit,548
Britain,549
Britcool,550
BritGP,551
british,552
britishandirishlions,553
BritishandIrishLionsTour,554
britishcolumbia,555
BritishGP,556
britishgp2013,557
BritishGrandPrix,558
britishirishlions,559
BritishLion,560
BritishLions,561
britishlions2013,562
Britishmuseum,563
BritishSignLanguage,564
BritshGP,565
brixton,566
bro,567
brolliesnecessay,568
bronight,569
brother,570
brothers,571
Brown,572
browneyes,573
brrrr,574
BruceHRC,575
bruceparis,576
BRUCEWANYE,577
brussels,578
BryanBrothers,579
bsidedivas,580
BSL,581
bubblews,582
Bucket,583
bucketlist,584
buddies,585
Buddy,586
buenasong,587
build,588
builder,589
bulgaria,590
Bulmers,591
bunny,592
BuonGiorno,593
buongiornoatutti,594
burank,595
bürgerfestSR,596
burjalarab,597
Burnley,598
burnsbrothers,599
burritos,600
Business,601
busmansholiday,602
bustaMOVE,603
buswanker,604
busy,605
busynight,606
ButterFingers,607
butterflies,608
Button,609
buzz,610
BUZZING,611
bwo,612
byebye,613
byebyeGeny,614
ByMe,615
c2c,616
CabFranc,617
cabinlife,618
cabinsecure,619
CafeNoho,620
cake,621
cakes,622
caldera,623
Calendar,624
CaliChronicles,625
California,626
Calinight,627
Call999,628
CalledIt,629
calm,630
camden,631
CameOutMyShell,632
Camera,633
Camgirl,634
Camomile,635
camp,636
campaign,637
cAmping,638
campingchairs,639
campus,640
can,641
canada,642
Canadaday,643
cañas,644
cancers,645
Canguro,646
cannes,647
Cannington,648
cantbemissed,649
cantik,650
cantmissthegame,651
CantRememberAnything,652
cantsleep,653
cantwait,654
canvas,655
cap,656
capetown,657
captainmorgans,658
car,659
Cardan,660
cardiff,661
carli,662
carlisle,663
carlos,664
carltoncentredays,665
carmen,666
carnstrayer,667
CarpeDiem,668
carpet,669
carpetoffers,670
carporn,671
carrigaline,672
carshare,673
cas,674
casablanca,675
casanegra,676
cashdesk,677
casino,678
castellanetafilmfest,679
castelloaragonese,680
castle,681
Cat,682
CatchingUp,683
catchup,684
catwang,685
cavendish,686
cawstonbury,687
cba,688
ccs,689
cdj,690
CeeLoGreen,691
celebrate,692
celebrating,693
celebspot,694
Celtic,695
centrecourt,696
CERTAINROMANCE,697
Cetkovska,698
CFL,699
Ch2,700
ChalfontFeastDay,701
champagne,702
change,703
ChapatiMan,704
CharityWalk,705
charlieWatt,706
Chase,707
checkoutthehair,708
cheeky,709
cheekybet,710
Cheers,711
cheerup,712
cheesecake,713
Chelan,714
Chelsea,715
chester,716
Chic,717
chiccc,718
chicfest,719
chickenpox,720
childgenius,721
children,722
chill,723
chilledafternoon,724
chilledoutfriday,725
chillen,726
chillin,727
CHILLING,728
Chilton,729
chinahouse,730
chinese,731
chingao,732
Chingon,733
chivas,734
chocolate,735
ChrisFroome,736
Christianity,737
chulitaxosexy,738
church,739
Churchfamily,740
churchstreet,741
Chvrche,742
Chvrches,743
cider,744
ciderman,745
cinema,746
cities,747
city,748
class,749
ClassAct,750
Classic,751
Classifieds,752
classispermanent,753
classof2013,754
classof2k14,755
classy,756
clean,757
cleaning,758
cleavage,759
clever,760
cleverman,761
CliffRichard,762
clothing,763
Cloud9,764
Clouds,765
club,766
clubcobra,767
CLUBHEAT,768
clublife,769
clubs,770
Cmon,771
Coachella,772
Coaching,773
cobra,774
Cocktail,775
cocktails,776
cococomin,777
coeliac,778
coffee,779
coldplay,780
Colleen,781
Colony,782
colorado,783
colorful,784
colorislife,785
colossal,786
Colours,787
columns,788
com,789
comber,790
comberearlys,791
COME,792
ComeBack,793
comedians,794
comedy,795
ComeOn,796
comeonboys,797
comeonboysandboyos,798
comeonglobal,799
ComeonLaura,800
ComeOnLions,801
comeontheirish,802
ComeOnTheLions,803
COMEONYOULIONS,804
comingsoon,805
CommonPeople,806
commonwealthgames,807
compassion,808
Competition,809
Compliment,810
Compose,811
compromise,812
concert,813
concorso,814
concurso,815
confecup,816
confedcup,817
confederationcup,818
confeds,819
confedscup,820
conservationcon,821
conspiracy,822
consumers,823
Contoured,824
contrarreloj,825
control,826
controversialtweet,827
ConversationalSpanishClass,828
cookie,829
cookiesandcream,830
cool,831
coolmf,832
Copycat,833
CorinneDay,834
cornwall,835
corona,836
CorporateBollocks,837
correctionmorelikemelting,838
corrillo,839
cortometraggi,840
cosmetic,841
costituente,842
Cothen,843
couchpotato,844
couchtimes,845
CouldntCotainMyself,846
countdown,847
countryfest,848
countrystampede,849
CountyCup,850
courteeners,851
cousins,852
CoutureHaircare,853
cover,854
covers,855
coveted,856
cow3rkerprobz,857
coybig,858
COYBIR,859
coyl,860
coylions,861
coyt,862
CPFC,863
cpfcfamily,864
Craft,865
Craftfest,866
craftyfolk,867
craic,868
crash,869
crayz,870
crazy,871
CrazyGook,872
CrazyP,873
crazypeople,874
CRAZYTIMES,875
Cream,876
created,877
Creative,878
cretins,879
crew,880
crewlife,881
cricket,882
cringe,883
criticalnewsshow,884
croatia,885
croissant,886
croissantneuf,887
cropped,888
crossfit,889
crowd,890
crowds,891
croydon,892
cruise,893
Crusaders,894
Crush,895
CrushTheConvicts,896
crying,897
Cub,898
cuddlebuddy,899
cuddles,900
Culinary,901
cull,902
Culture,903
cumbria,904
Cunt,905
cuppa,906
curious,907
curlgang,908
curls,909
currentview,910
CurseOfWimble,911
custom,912
customised,913
cute,914
cuts,915
cycling,916
CYTM,917
d,918
DaBomb,919
dadjokes,920
dadsgirl,921
Daehyun,922
DAF,923
dafaq,924
daftpunk,925
dagtocht,926
DailyMail,927
dalkey,928
DallasTX,929
damn,930
damncops,931
damnyouwork,932
dance,933
dancer,934
dancevalley,935
dancing,936
dangcockroach,937
Danielle,938
Danny,939
dans,940
dansen,941
DarkAngel,942
dashforgas,943
date,944
DateKrumm,945
daughter,946
day,947
day1,948
Day3,949
Day4,950
Day6,951
dayoff,952
daysofwonder,953
daysorted,954
daytona,955
DBSC,956
DCC,957
dco,958
De,959
dead,960
Debt,961
decisionsdecisions,962
Deckhand,963
decor,964
decorating,965
DeCorazon,966
Dedication,967
Deep,968
defoThere,969
deja,970
delasmejoresexperiencias,971
DENCH,972
denhaag,973
denim,974
dentist,975
denver,976
DepecheMode,977
depressing,978
DeResta,979
Desconcert29J,980
desertproblems,981
design,982
desperate,983
despicableme2,984
desserts,985
destroythem,986
detail,987
Detailing,988
devon,989
DF13,990
DGSC,991
diabetes,992
DiamondLeague,993
diaryofastylist,994
DidAthleticsForTheEyeCandy,995
didnotdrinkenough,996
dieantwoord,997
dieng,998
diet,999
DifferentBreed,1000
diffractionglasses,1001
Digi,1002
DigiBhang,1003
digital,1004
Dignity,1005
Dinner,1006
DINOSAURJR,1007
dinosaurs,1008
Directioner,1009
dirençözüm,1010
DIRETTA,1011
dirt,1012
dirtyphonics,1013
DisabledDog,1014
disaster,1015
discipline,1016
disclosure,1017
disco,1018
DiscoIsBack,1019
discotogs,1020
discounts,1021
DisneyChannel,1022
ditching,1023
diva,1024
diy,1025
dizeerascal,1026
dizzee,1027
dizzeerascal,1028
dj,1029
djangodjango,1030
djgonzo,1031
Djokovic,1032
djs,1033
djstillz,1034
dl2013,1035
dms,1036
DoctorWho,1037
DodgyAccent,1038
dödkille_90,1039
dodo,1040
dog,1041
dogblood,1042
doglover,1043
Dogs,1044
Doh,1045
Doha,1046
doinitbigzaddystyle,1047
DoItForAu,1048
DoItForYourParentsYourSchool,1049
doiwannaknow,1050
doll,1051
domeafavour,1052
dominator,1053
Domino,1054
doncasterisgreat,1055
dontbeleiveinmagic,1056
dontevencare,1057
dontjudgeme,1058
DontMindIfIDo,1059
doomandgloom,1060
doors,1061
dopapod,1062
dope,1063
dorishopp,1064
double,1065
downfall,1066
downonthefarm,1067
downtonabbey,1068
downtown,1069
downunder,1070
downwiththekids,1071
DR,1072
dragonflies,1073
drain,1074
DrakeTaughtMe,1075
dream,1076
Dreamfields,1077
Dreams,1078
dreary,1079
Dress,1080
dresses,1081
drink,1082
drinking,1083
Drinks,1084
driveins,1085
driver,1086
driving,1087
drmartens,1088
drsheldoncooper,1089
DrumNBass,1090
drums,1091
drunk,1092
drunkkx,1093
drunknight,1094
dtv,1095
DualShock,1096
dubai,1097
dublin2003,1098
dubpistols,1099
Dubstep,1100
duck,1101
ducksonthepond,1102
Duet,1103
dumbeddownBritain,1104
dungarees,1105
dust,1106
DustySpringfield,1107
Dutch,1108
duvet,1109
dying,1110
E3NewCoverV,1111
E3Video,1112
eargasm,1113
earlier,1114
early2000s,1115
earlymorning,1116
earlypints,1117
earnit,1118
East,1119
EastDevon,1120
Easy,1121
easyroutehome,1122
ebaymobile,1123
ebook,1124
EC,1125
ecm,1126
edbanger10,1127
EDC,1128
Edgbaston,1129
edinburgh,1130
edited,1131
EDL,1132
edm,1133
EdSheeran,1134
education,1135
edwardsnowdon,1136
EE,1137
eeyer,1138
EFC,1139
EFC21,1140
eggchasers,1141
eggchasing,1142
eggchuckers,1143
eggsbenedict,1144
Egypt,1145
eianscollectionofgreenplaces,1146
Eindhoven,1147
eitherway,1148
ELAÑOQUEVIENEVOYAIR,1149
electricforest,1150
electricpicnic,1151
electro,1152
Electronic,1153
electronicmusic,1154
Elegance,1155
ElNumeroUno5,1156
Elvis,1157
ElvisCostello,1158
EmbraceTheFutureOfTennis,1159
EMC,1160
emerald,1161
emotional,1162
En,1163
endofnight,1164
Endurance,1165
endurancetest,1166
Energy,1167
enforcers,1168
eng,1169
England,1170
english,1171
englishaccent,1172
englishbreakfast,1173
englishdiscolovers,1174
engu20,1175
Enjoy,1176
EnterShikari,1177
entertainment,1178
envivo,1179
envy,1180
eossipov,1181
Epic,1182
epicfest2013,1183
epicness,1184
equality,1185
Erau,1186
Eredivisie,1187
ErnieTheFastestMilkmanInTheWest,1188
esperanza,1189
espntennis,1190
essentialmix,1191
essex,1192
ethiadstadium,1193
Etihad,1194
Etiopia,1195
etsy,1196
Etsy_Today,1197
etudehouse,1198
EU,1199
EUROPE,1200
europeantourgolf,1201
europeroundthecorner,1202
euston,1203
evening,1204
event,1205
eventi,1206
events,1207
Everton,1208
EverybodyDance,1209
EveryCloud,1210
everysingleoneofya,1211
evil,1212
evildead,1213
examhangover,1214
Example,1215
Excalibur,1216
Excellent,1217
exceptional,1218
excited,1219
excitedface,1220
executioner,1221
exhaust,1222
exhausted,1223
Exile,1224
exin,1225
exit,1226
exitfest,1227
experience,1228
experimental,1229
ExpoCentre,1230
exposition,1231
eye,1232
eye2eye,1233
eyeer,1234
eyes,1235
eyewitness,1236
F1,1237
F1e,1238
F1GP,1239
f1jp,1240
F1POTD,1241
F1qualifying,1242
F1Show,1243
F1Silverstone,1244
f4f,1245
fab,1246
face,1247
faceart,1248
facebook,1249
facetime,1250
fact,1251
FactCheck,1252
faded,1253
fail,1254
fair,1255
fairplay,1256
FairTrade,1257
falskye,1258
falun,1259
Familia,1260
family,1261
familybond,1262
FamilyGuy,1263
familytime,1264
famous,1265
fan,1266
fangirling,1267
fans,1268
fantasy,1269
farm,1270
Farmers,1271
farming,1272
farra,1273
fashion,1274
fashiongirl,1275
fashionshow,1276
fashionweek,1277
fatcats,1278
FatKidProblems,1279
favband,1280
fave,1281
favorite,1282
FavoriteBand,1283
favoritesong,1284
favourite,1285
favouriteband,1286
Favourites,1287
FavouriteWorstNightmare,1288
fb,1289
fbloggers,1290
fe,1291
FeastDay,1292
Fed,1293
Federer,1294
feefalooandeudestar,1295
feelingconfident,1296
FeelingGood,1297
feelinlovely,1298
feelit,1299
feestje,1300
felicidad,1301
Fencing,1302
Feria,1303
ferocity,1304
ferrari,1305
FerrariItaFans,1306
Ferraristi,1307
feshane,1308
fespa2013,1309
festical,1310
Festiv,1311
Festival,1312
festivalchic,1313
festivalenvy,1314
festivalfashion,1315
festivalfreak,1316
festivallove,1317
festivals,1318
festivalscourfs,1319
festivaltips,1320
festivaltwat,1321
FestivalWankers,1322
festivalwear,1323
Fete,1324
ff,1325
ffc,1326
FIFA,1327
fifty,1328
Film,1329
filming,1330
Filmmakers,1331
filth,1332
Final,1333
find,1334
fine,1335
finedining,1336
finish,1337
FinishItInTwo,1338
finland,1339
finsburypark,1340
Fire,1341
firequeen,1342
FIREWORK,1343
first,1344
firstticket,1345
FirstWorldProblems,1346
fish,1347
fishfingersarnies,1348
fishmarket,1349
fitness,1350
fits,1351
Flag,1352
flags,1353
flare,1354
flight,1355
flightattendant,1356
flipCup,1357
FlipperKF,1358
Floormat,1359
Florida,1360
flower,1361
flowerpower,1362
flowers,1363
flowing,1364
fly,1365
fml,1366
Foals,1367
Foam,1368
FOB,1369
focus,1370
foe,1371
folami,1372
folklor,1373
follow,1374
follow4follow,1375
followforfollow,1376
following,1377
followme,1378
Followwwwwww,1379
FollowZod,1380
FOMO,1381
food,1382
foodgasm,1383
foodporn,1384
Foods,1385
FoodTrip,1386
foodwaste,1387
Football,1388
footballpredictions,1389
footstomp,1390
for,1391
forealz,1392
forest,1393
forever,1394
FOREVERALONE,1395
ForeverLovers,1396
forgetme,1397
forgotwhatanalarmwas,1398
Formel1,1399
formula1,1400
formulaone,1401
forreal,1402
forsale,1403
fortheloveofwine,1404
fortress,1405
forum,1406
foto,1407
fotografía,1408
fox,1409
FP1,1410
FP2,1411
FP3,1412
FPSBS,1413
Framily,1414
France,1415
francoisandtheatlasmountains,1416
francosdespa,1417
franschhoek,1418
freaq,1419
freaqfestival,1420
FreddieCowan,1421
Free,1422
freebet,1423
freebies,1424
freedrink,1425
freedrinks,1426
Freeparking,1427
freepeople,1428
freezingwater,1429
fresh,1430
FreshAir,1431
freshmanyear,1432
Fresno,1433
Friday,1434
fridaynight,1435
FridayNightLights,1436
fridays,1437
fridaythe13th,1438
friend,1439
friends,1440
friends101,1441
friendship,1442
friendsip,1443
friendzone,1444
Fringe,1445
friutcarpet,1446
fromefestival,1447
front,1448
frontpagenews,1449
Froome,1450
fruits,1451
fu,1452
FuckButtons,1453
fuckgirls,1454
Fuckhemet,1455
fuckingawesome,1456
FUCKINGSUPERSTAR,1457
fuckinrights,1458
fuckmylife,1459
FuckThat,1460
Fuckthem,1461
fucku,1462
FuckWork,1463
fuckyourmom,1464
FULSfest,1465
fun,1466
FUNK,1467
funnights,1468
funny,1469
funnyasspeople,1470
funnyday,1471
funnyshit,1472
funstuff,1473
FunTimes,1474
funtimesahead,1475
furniture,1476
furry,1477
fut,1478
FUTA,1479
Futsal,1480
futura2000,1481
fw,1482
g,1483
gabber,1484
GabrielsRedemption,1485
Gaia,1486
gameday,1487
gamedayfeeling,1488
gameon,1489
Gaming,1490
gangnamstyle,1491
garden,1492
Gardenbury,1493
gardernbury,1494
garorock,1495
Gasquet,1496
gastropub,1497
gathering,1498
gay,1499
gayboy,1500
gaymarriage,1501
GayPride,1502
GB,1503
GB13,1504
GCC,1505
gcpoker,1506
GDL,1507
geeksoephotography,1508
geluidsnormen,1509
gemini,1510
gemmaward,1511
generalife,1512
genia,1513
genial,1514
génial,1515
genius,1516
germany,1517
GETALIFE,1518
getfucked,1519
getgood,1520
getitdone,1521
getlucky,1522
getmeouttahere,1523
getmetoafestie,1524
getmuddy,1525
GetOnYourDancingShoesYouSexyLittleSwine,1526
getthejobdone,1527
GettingBakedMoments,1528
gettingready,1529
getwelliedataspers,1530
getyourearstested,1531
getyourprioritiesright,1532
GFN,1533
GGMU,1534
ghandisquaredays,1535
ghost,1536
gi,1537
giantstrawberry,1538
gig,1539
gin,1540
Ginuwine,1541
girl,1542
girlfriend,1543
girlfriendproblems,1544
girlproblems,1545
girls,1546
girlsblouses,1547
girlsinbikinis,1548
girlsl,1549
girlsnightout,1550
girlsweekend,1551
girltalk,1552
girlytimes,1553
giveaway,1554
giveittogeorge,1555
gks,1556
gla,1557
glad,1558
Glam,1559
glamour,1560
GlamourAwards,1561
glanstonbury,1562
Glasgow,1563
glass,1564
GlassedInBurry,1565
glasses,1566
glast,1567
Glastno,1568
Glastnos,1569
Glasto,1570
glasto13,1571
Glasto2013,1572
glasto2k13,1573
glastoathome,1574
GlastoBound,1575
glastoenvy,1576
glastofacts,1577
glastofe,1578
GlastoFest,1579
glastofrommysofa,1580
glastolive,1581
GlastoLove,1582
glastomap,1583
glastomed,1584
Glastonb,1585
Glastonbrummie,1586
Glastonbur,1587
Glastonburry,1588
Glastonbury,1589
Glastonbury13,1590
glastonbury2013,1591
GlastonburyEnvy,1592
glastonburyfacts,1593
glastonburyfestival,1594
glastonburyfestival2013,1595
GlastonburyHurts,1596
GlastonburyMemory,1597
GlastonburyMusicFestival,1598
glastonenvy,1599
glastoshout,1600
glee,1601
gleeseason5,1602
glitter,1603
glitterarty,1604
Global13,1605
GlobalGathering,1606
Gloriette,1607
gloryawaits,1608
glorybox,1609
GloSlideNBounceTour,1610
Glosto,1611
GlowingOnTheTube,1612
glutenfree,1613
gmo,1614
Go,1615
Goa,1616
Goat,1617
goaussie,1618
goaway,1619
god,1620
goddamnyoutubevideos,1621
goddaughter,1622
godees,1623
Godsavearcticmonkeys,1624
godscountry,1625
goen,1626
Goes,1627
gohard,1628
goingtotakemycombeverywhere,1629
gold,1630
golf,1631
GoLions,1632
GomoKelateGomo,1633
gonnajumpthefence,1634
gonski,1635
Good,1636
goodchoice,1637
goodcompany,1638
goodday,1639
goodevening,1640
goodfood,1641
goodfriends,1642
goodguy,1643
goodiebag,1644
GoodLaughs,1645
goodlife,1646
goodlineup,1647
goodlooking,1648
GoodLuckLewis,1649
GoodMemories,1650
goodmorning,1651
goodmusic,1652
goodnight,1653
goodnightig,1654
goodnightssleep,1655
goodpeople,1656
goodpeoples,1657
goodppl,1658
GoodShows,1659
goodt,1660
goodti,1661
goodtime,1662
Goodtimes,1663
goodtuneskees,1664
GoodVibes,1665
Google,1666
goosebumps,1667
goosebumptime,1668
gorequestionofthrday,1669
gorgeous,1670
gossip,1671
gosteri,1672
got,1673
gottagetupearlytomorrow,1674
GottaLovePortA,1675
GoveComeDown,1676
GoVollybeles,1677
gowell,1678
Gp,1679
GP2,1680
GP3,1681
GPGranBretaña,1682
GPSilverstone,1683
GraceCoddington,1684
grad2013,1685
graduacion,1686
graduation,1687
Graf,1688
graffiti,1689
grahamstown,1690
GrammaError,1691
GranBretagna,1692
grandprix,1693
GrandSlam,1694
grannygoesstreet,1695
grass,1696
grateful,1697
gratis,1698
gratuit,1699
great,1700
GreatBand,1701
GreatExpectations,1702
greatfriends,1703
greatgifts,1704
greatindieband,1705
greatparty,1706
greatsaturday,1707
greatyorkshirerun,1708
green,1709
greenjacket,1710
greenpeace,1711
greenroom,1712
greygoose,1713
GreyKeys,1714
Grief,1715
grillstock,1716
grind,1717
grou,1718
grow,1719
growing,1720
GRPG,1721
grrr,1722
grunt,1723
guagua,1724
Guapos,1725
GuardianWitness,1726
guelph,1727
guitar,1728
GuitarHero,1729
guitarist,1730
gurasto,1731
gurlprobs,1732
gutted,1733
GuyGarvey,1734
guys,1735
Gym,1736
gypsy,1737
habit,1738
Habitacion,1739
Hack,1740
Haim,1741
hair,1742
hakata,1743
halfpenny,1744
Hamilton,1745
handmade,1746
handplanes,1747
Handsome,1748
hanginglikeabasket,1749
hanginout,1750
HangWith,1751
happiness,1752
happy,1753
happybirthday,1754
happyboy,1755
happydays,1756
happyface,1757
happyhappy,1758
happykid,1759
happymemoirs,1760
happypups,1761
happysaturday,1762
happyweekend,1763
HARDING,1764
hardrockcafe,1765
HardRockCalling,1766
HardRockCalling2013,1767
hardstyle,1768
hardtimes,1769
harekrishna,1770
harrogate,1771
hashtag,1772
HASHTAGS,1773
Hast,1774
HATE,1775
hatecops,1776
hatemylife,1777
haterblockers,1778
hatetents,1779
hatethese,1780
HateThis,1781
HattonCountryWorld,1782
hauntedattraction,1783
haven,1784
having,1785
havingfun,1786
hayfever,1787
HD,1788
hdfest,1789
hdfestival,1790
headache,1791
headline,1792
headlineact,1793
headlining,1794
heartbreak,1795
heartgelionsroar,1796
HearThemRoar,1797
HeartThrob,1798
heat,1799
heatglasto,1800
HeatWaveInCali,1801
heavy,1802
HeavyFeet,1803
hede,1804
HeDoesWhatHeWants,1805
heels,1806
Heerenveen,1807
HeidePark,1808
Heineken,1809
Heirloom,1810
hellno,1811
hellyeah,1812
help,1813
helpforheroes,1814
helpmeplease,1815
Helsinki,1816
Hemp,1817
henparty,1818
here,1819
herecomesthesun,1820
Hereford,1821
HereICome,1822
hero,1823
HesASpacerAStarchaser,1824
HeyJude,1825
hhahaha,1826
HicCups,1827
hideout,1828
Highbridgeqtr,1829
HighGreen,1830
hijabi,1831
hilarious,1832
him,1833
hiphop,1834
hiphopflippppdeeflop,1835
hipster,1836
history,1837
HistoryAwaits,1838
HistoryInTheMaking,1839
historytobemade,1840
hitmaker,1841
Hits,1842
hiyabrian,1843
HKM,1844
hlastonbury2013,1845
hmhb,1846
hmsbelfast,1847
hmu,1848
hockey,1849
holeintheworld,1850
holiday,1851
holidayblues,1852
holidays,1853
holl,1854
hollywood,1855
Holygrail,1856
holyshit,1857
home,1858
homecoming2013,1859
homeless,1860
HomeSafe,1861
honest,1862
hontommy,1863
HoodRatz,1864
hooka,1865
hookah,1866
hoolahoop,1867
hoopfestfeet,1868
Hope,1869
hopegoodbaby,1870
horriblymiddleclass,1871
horses,1872
HorsFormat,1873
Hospitality,1874
hot,1875
Hotels,1876
hotguys,1877
hottertomorrow,1878
house,1879
houseoffraser,1880
houseparty,1881
Houston,1882
HowAmISupposedToHangWithFriends,1883
howtimeflies,1884
howto,1885
HoxtonRocks,1886
HoyEsElGranDía,1887
hpybdaydad,1888
HRCalling,1889
hrcindia,1890
HRW,1891
HSBCLions,1892
Huddersfield,1893
hug,1894
Hugs,1895
humour,1896
humpback,1897
Humph,1898
Humphreys,1899
hungover,1900
hunter,1901
Hunters,1902
hurryup,1903
Hurts,1904
hustle,1905
HydePa,1906
hydepark,1907
hype,1908
I,1909
iamsiegeface,1910
ianbeale,1911
ibiza,1912
ibizarocks,1913
ibizatraining,1914
IBM,1915
icantbelieveit,1916
icantgetnosatisfaction,1917
iccpj,1918
icecream,1919
Icem4ktransfer,1920
idkwhyidontsleep,1921
idnotlonggotin,1922
ido,1923
IDONTDOTRAFFICJAMS,1924
ifihadmoretime,1925
iforgothowgoodthissongis,1926
igers,1927
igersdaily,1928
igerslove,1929
IggyAzelea,1930
igmood,1931
igotallmysisterwithme,1932
igsg,1933
ihatemyself,1934
IHatePeopleThat,1935
ihatethis,1936
IJL2013,1937
ildurolavoro,1938
ilikeit,1939
illinois,1940
iLoveDN,1941
ILoveFestivalTents,1942
iLoveHU,1943
iloveit,1944
iLoveLS,1945
imaginedragons,1946
imalloverit,1947
imback,1948
imbeat,1949
imboutstoblasttheAC,1950
imerovigli,1951
imightdie,1952
imisscollege,1953
imissfootball,1954
imissschool,1955
imjealousto,1956
immense,1957
immigration,1958
ImNotAtGlastoImListeningToXfmAnd,1959
ImNotJealous,1960
ImOut,1961
importantmatch,1962
improvement,1963
ImSorryIfMyBoobsPoppedOut,1964
in,1965
incredible,1966
india,1967
indian,1968
Indiana,1969
IndiansLive,1970
indie,1971
indierock,1972
indonesia,1973
industrywanker,1974
ineedabreak,1975
ineedchurch,1976
ineedsleep,1977
ineedyou,1978
infographic,1979
ink,1980
inniebos,1981
inourtime,1982
inside,1983
insomniac,1984
insomniaprobs,1985
inspiration,1986
instabadminton,1987
instacollage,1988
instacool,1989
instadaily,1990
instafashion,1991
instafeeds,1992
instafood,1993
instafun,1994
instagay,1995
instagood,1996
instagram,1997
instalike,1998
instalive,1999
instamood,2000
instandroid,2001
instanesia,2002
instapic,2003
instavid,2004
instavideo,2005
interesting,2006
interior,2007
interiordesign,2008
international,2009
internationalPervert,2010
Internet,2011
intrepidkat,2012
iowfestival,2013
iP,2014
IPC,2015
iPhone,2016
iphone4s,2017
iPhoneJuice,2018
iphoneprobs,2019
iPlayer,2020
Iran,2021
irbsevens,2022
ireland,2023
Irish,2024
irishbrother,2025
IrishOpen,2026
IrishOpen2013,2027
IRONBATMAN,2028
ironic,2029
Is,2030
isaw102today,2031
ischia,2032
ISeeWhatYouDidThere,2033
ishouldbefaceddownonafieldwithciderpissnfags,2034
isitme,2035
islam,2036
Islamic,2037
isleofw,2038
Israel,2039
istanbul,2040
isthisreallife,2041
it,2042
italy,2043
its3pmsomewhere,2044
its4am,2045
ItsBeenTooL,2046
ItsBeenTooLong,2047
itsglobalwar,2048
itsglobalwarmingstupid,2049
itsmybirthday,2050
itsnotthesame,2051
Itstrue,2052
itsveryearlyandiwanttosleep,2053
ItsWhatYouDreamedAbout,2054
iTunes,2055
itv4,2056
ItWasLove,2057
iuday,2058
ivcharity,2059
iwannabethere,2060
iwant,2061
iwantanillycoffeemachine,2062
iwantawhitesuit,2063
iwantyourlove,2064
iwasreallyclose,2065
iwasthere,2066
iwillmissyou,2067
iwish,2068
IWishICould,2069
IWIX,2070
izzyvslions,2071
jacket,2072
jackets,2073
Jacob,2074
Jagger,2075
JAJA,2076
jakarta,2077
jakebugg,2078
jam,2079
jamaica,2080
jambi,2081
JamesBlake,2082
jamiecook,2083
Janowicz,2084
JAPAN,2085
JaydensWar,2086
Jazan,2087
jazz,2088
jazzworld,2089
JDT,2090
jealous,2091
Jeffdfunk,2092
jel,2093
Jem,2094
JensenAckles,2095
Jerash,2096
Jerico,2097
jessie,2098
jetsetting,2099
jewellery,2100
jindabyne,2101
jj,2102
jk,2103
jobs,2104
jogja,2105
johhumphreys,2106
johnhumphreys,2107
johnHumphrys,2108
JohnnyMarr,2109
JoinIn,2110
Joke,2111
Jokes,2112
jonwillscallup,2113
Jordan,2114
joseph,2115
joshdoyle,2116
joy,2117
jrl2013,2118
JTF,2119
Judaism,2120
juliaraellison,2121
julyemag,2122
jumpingjackflash,2123
jumpinjackflash,2124
June,2125
juni,2126
Juniors,2127
jurrasicpark,2128
Just,2129
JUSTDONTSITDOWNCAUSEIMOVEDYOURCHAIR,2130
Justice,2131
justin,2132
justlikeoldtimes,2133
justnotsureaboutslummingit,2134
justsayin,2135
justsaying,2136
justthinkofT,2137
Jutterspad,2138
Jwjw,2139
k2500,2140
k4k,2141
kaikoura,2142
karnaval,2143
karting,2144
kasa,2145
Kasabi,2146
Kasabian,2147
Kasadyaan,2148
KasimsWeatherWatcher,2149
KBYE,2150
kedah,2151
keekitreal,2152
keep,2153
keepbritaintidy,2154
KeepCalmAndWin,2155
keepfighting,2156
keighley,2157
keithRichard,2158
Kenzo,2159
kenzoparis,2160
keren,2161
kersen,2162
Kersenconcert,2163
kettle,2164
Keys,2165
KFF2013,2166
kickedout,2167
KickHisAssSeabass,2168
Kid,2169
kids,2170
KielerWoche,2171
KIGU,2172
kilkenny,2173
killmenowplease,2174
kilmoganny,2175
Kim,2176
Kimi,2177
KimikoDate,2178
kinderopvang,2179
kindred,2180
kingalex,2181
KingOfFighters,2182
kingston,2183
kiss,2184
kissimmee,2185
KissMyShamrock,2186
kissngrind,2187
kitchen,2188
kitchennightmares,2189
kite,2190
KL,2191
KLF,2192
KLF4Glasto2014,2193
KLF4Glastonbury2014,2194
klk,2195
km,2196
kms,2197
knockoutchilli,2198
known,2199
köket,2200
köketuddevalla,2201
kooclub,2202
Koopplein,2203
Korean,2204
kortspill,2205
kostüm,2206
KP,2207
Kpop,2208
krewella,2209
krewlife,2210
Krommenie,2211
kropp,2212
Krystal,2213
ksa,2214
ktm,2215
kttunstall,2216
kualalumpur,2217
KUNTBRIGADE,2218
kupang,2219
KurtleyBeale,2220
kurzweil,2221
Kuwait,2222
KylieMinogue,2223
l,2224
l4l,2225
la,2226
LacamasLake,2227
lace,2228
LaCiotat,2229
lad,2230
Ladies,2231
LadiesNight,2232
lads,2233
lady,2234
LadyInRed,2235
lake,2236
laketahoe,2237
lalife,2238
LAlivin,2239
lamangaclub,2240
lardarse,2241
laroja,2242
lasgo,2243
LastMinute,2244
lastnight,2245
lastshadowpuppets,2246
lastsummer,2247
lastworld,2248
lasvegas,2249
late,2250
latenight,2251
LateNightsEarlyMornings,2252
latenighttvwithdad,2253
laters,2254
latestmusic,2255
latetweet,2256
Latin,2257
latino,2258
LatinVillage,2259
latitude,2260
lattitude,2261
laugh,2262
laughs,2263
LauraMvula,2264
LauraRobson,2265
lausanne,2266
LazerShades,2267
LCC,2268
ldn,2269
Leader,2270
learning,2271
learntolisten,2272
leavenodoubt,2273
leavers,2274
Lebanon,2275
lebetre,2276
leclubdays,2277
ledge,2278
leeds,2279
Leek,2280
legend,2281
legendary,2282
legends,2283
leggings,2284
leggo,2285
LeightonBaines,2286
lemandthewhitefire,2287
lemans24,2288
lemparker,2289
Lena,2290
León,2291
leracshack,2292
lesbian,2293
letgoandletbe,2294
LetMeExplain,2295
letour,2296
letour2013,2297
LeTourDeFrance,2298
letsdothis,2299
letsgetcheesy,2300
letsgoGB,2301
LetsHaveItThen,2302
letshopeitrains,2303
LetThereBeBeer,2304
levonamochila,2305
Lewes,2306
Lfc,2307
LFG,2308
li,2309
liam,2310
liamfray,2311
LiamGallagher,2312
libertybooks,2313
library,2314
LIBROPOSSIBILE,2315
life,2316
lifegoal,2317
LifeisBeautiful,2318
LifeIsgood,2319
lifemade,2320
lifeoftheparty,2321
lifted,2322
liftinglife,2323
liftshare,2324
liftyourlegup,2325
lightning,2326
lights,2327
Liiiiiiiiiiiiiiiiiiiiiiiiiiooooooons,2328
Lijnden,2329
like,2330
like2,2331
like4follow,2332
likeamovie,2333
likeforfollow,2334
likeforlike,2335
LikeOldTimes,2336
likethis,2337
limerick,2338
limerickgaa,2339
linespeed,2340
Lio,2341
Lion2013,2342
Lionne,2343
lions,2344
Lions2013,2345
lions2nil,2346
lionsalldayer,2347
LionsBreakfast,2348
LionsBy50,2349
lionsdeals,2350
LionsDrinkingGame,2351
lionsfever,2352
Lionslive,2353
lionsontour,2354
LionsRoar,2355
lionsrugby,2356
LionsToTake,2357
lionstour,2358
LionsTour2013,2359
lionsvaus,2360
LionsVOz,2361
lionsVsAus,2362
lionsvsoz,2363
lionsXii,2364
LIOvAUS,2365
liovswal,2366
lips,2367
lipstick,2368
liquid,2369
liquor,2370
lisabutler,2371
Listen,2372
litterpicking,2373
liv,2374
live,2375
LiveBetting,2376
livecustomoak,2377
livelions,2378
livemusic,2379
LiveOnMSN,2380
Liverpool,2381
liveshoplocal,2382
living,2383
livingroomglastonbury,2384
liwiley,2385
Llandudno,2386
llewod,2387
LlorennaFreakzFollowMeSpree,2388
Lmao,2389
LNDbloggersparty,2390
loadashite,2391
local,2392
LocalHeroes,2393
localnatives,2394
Logo,2395
Loins,2396
lol,2397
lolnotreally,2398
lolz,2399
Lommel,2400
London,2401
London90s,2402
Londonislovinit,2403
LondonPride,2404
LondonSuperMeet,2405
lonelycityboy,2406
loner,2407
long,2408
longday,2409
longhair,2410
longlivekeef,2411
LongWayDown,2412
LongWeekAlmostOver,2413
longweekend,2414
look,2415
looks,2416
looksamazing,2417
LooksLikeADayOnTheCouch,2418
loop,2419
lord,2420
losangeles,2421
LosingYou,2422
lost,2423
lostinmusic,2424
lostinvodka,2425
lostonme,2426
losttheplotlongtimeago,2427
lotsofmud,2428
lounge,2429
love,2430
loveahashtag,2431
loved,2432
lovedit,2433
loveher,2434
lovehim,2435
LoveHouseMusic,2436
loveinglife,2437
LoveIsAmazing,2438
loveit,2439
lovelife,2440
lovely,2441
lovemusic,2442
lovemycousins,2443
LoveMyWellies,2444
loveportishead,2445
loverunning,2446
loves,2447
lovesit,2448
lovestory,2449
lovethelake,2450
lovethelyrics,2451
lovethem,2452
lovethemsomuch,2453
lovethis,2454
LoveThisCity,2455
lovethisgirl,2456
loveya,2457
loveyou,2458
loveyoutoo,2459
lovinglife,2460
lovinlife,2461
lovinthecity,2462
LowMaintenance,2463
LS,2464
LUARBINASAH,2465
LuaskanKuasamu,2466
Lucca,2467
LuccApp,2468
luckies,2469
luckyasF,2470
luckybastard,2471
luckymamas,2472
luckyme,2473
lucu,2474
Lulu,2475
lumineers,2476
lunch,2477
lush,2478
Lutevoice,2479
luvmyjob,2480
lux,2481
LV2013,2482
LyfeHatesMe,2483
M,2484
M25,2485
mac,2486
machinegun,2487
macklemore,2488
madeinsheffield,2489
MadisonKeys,2490
madjels,2491
madness,2492
magic,2493
MagicSingh,2494
maileahnna,2495
MainSta,2496
MainStage,2497
makebrunchmanly,2498
MakeHistory,2499
makeup,2500
Makinghistory,2501
makingmemories,2502
malaysia,2503
Maldives,2504
malia,2505
malibu,2506
Maltings,2507
Mama,2508
mamknowsbest,2509
man,2510
Manchester,2511
mancrush,2512
mancrushonalexturner,2513
mangos,2514
ManicStreetPreachers,2515
manifold,2516
Mannarino,2517
ManOfSteel,2518
mansion,2519
Manual,2520
manutd,2521
mardybum,2522
mardystringsection,2523
Margaritas,2524
MargeMasters,2525
MarkCavendish,2526
marketing,2527
Marksman,2528
markthom,2529
markweb,2530
marley,2531
MarmotAdventures,2532
Marray,2533
MarrGate,2534
MARSiscoming,2535
mashpotatoes,2536
Masquerade,2537
Massa,2538
massive,2539
MataHati,2540
matchday,2541
mates,2542
Mattei,2543
matthelders,2544
mattresses,2545
max20,2546
MaxChilton,2547
maxinquaye,2548
maxpezzali,2549
May,2550
maybeanothertime,2551
maybenextyear,2552
maybestorm,2553
mayhemfest,2554
MBWorldTour,2555
MC,2556
MCfeenix,2557
McLaren,2558
me,2559
MEDIA,2560
Meditation,2561
MediumRare,2562
MeetBieberBumpShow,2563
megastar,2564
mehhh,2565
meis,2566
Melbourne,2567
MelbourneJazz,2568
Meme,2569
Memes,2570
memorias,2571
Memories,2572
memoriesforlife,2573
Memory,2574
men,2575
menstyle,2576
Menswear,2577
MenVsFood,2578
mercedes,2579
merlintheatre,2580
messed,2581
metal,2582
Mets,2583
metz,2584
MexicanAlonso,2585
MexicanProblems,2586
MGMT,2587
Mi,2588
miami,2589
miamigirl,2590
MichaelEavis,2591
michigan,2592
MickJagger,2593
micksbackgarden,2594
micktaylor,2595
micro,2596
Microbilogy,2597
middleaged,2598
middleclassmidlifecrisisfest,2599
Midnightsnack,2600
MightTopMyself,2601
mija,2602
Mijas,2603
MikeCunnie,2604
mikesmith,2605
mikeyv1234,2606
milan,2607
Milano,2608
mileskane,2609
milestone,2610
mileycyrus,2611
MileyWorldTour,2612
milknkinski,2613
miltonkeynes,2614
mindblowing,2615
minecraft,2616
minecraftart,2617
minho,2618
minicab,2619
minicooper,2620
Minneapolis,2621
MirrorsPlaying,2622
missedout,2623
misshim,2624
MissingOut,2625
misstheboys,2626
missurface,2627
missyou,2628
missyoubri,2629
mitte,2630
mixlr,2631
mk,2632
Mkhitaryan,2633
mmnice,2634
mobgrazing,2635
mobilityroadshow,2636
model,2637
models,2638
modernlife,2639
moe,2640
moet,2641
molodoi,2642
moment,2643
mommyduties,2644
monaco,2645
MonaghanCavan,2646
monas,2647
Monday,2648
MondayMosh,2649
mondopazzo,2650
money,2651
monkey,2652
monkeys,2653
Monsoon,2654
monster,2655
Monte,2656
montecarlo,2657
Montego,2658
montereybay,2659
mood,2660
Moombahton,2661
morelikesisters,2662
Morning,2663
MorningMusic,2664
morto,2665
Moscow,2666
mosque,2667
mosquitoes,2668
motherfuckas,2669
moto2,2670
motogo,2671
MotoGP,2672
motogp13,2673
motorneurone,2674
motorneuronedisease,2675
motorsport,2676
motorway,2677
movie,2678
movieposter,2679
movies,2680
Moving,2681
mowinglawn,2682
Mozam,2683
MPeopleTour,2684
MrAlexTurner,2685
MrsCarter,2686
muchbetterthanlastweek,2687
muchlove,2688
MuCore,2689
mud,2690
muddy,2691
MuddyWaters,2692
MUFC,2693
mugsinwellies,2694
Mujeres,2695
mumbai,2696
Mumford,2697
MumfordandSons,2698
MumfordSons,2699
munch,2700
Mundial,2701
MundialFestival,2702
murray,2703
MurrayWalker,2704
Murrey,2705
mus,2706
muse,2707
MUSEUM,2708
music,2709
musica,2710
música,2711
musicales,2712
musicalhistory,2713
musically,2714
musicfestival,2715
MusicFestivals,2716
musicforthefeet,2717
musicgig,2718
musician,2719
musictomyears,2720
musicvideo,2721
muslim,2722
muslima,2723
muslimah,2724
Must,2725
musthave,2726
MustHaves,2727
MustSee,2728
mustseeliveband,2729
mustwatch,2730
Muziek,2731
muzza,2732
my,2733
MyAfricanShawties,2734
myass,2735
mybabies,2736
mydog,2737
myFriday,2738
MyFriend,2739
mygirls,2740
myhome,2741
MyIrishNoggah,2742
myJohn,2743
mylife,2744
mymainman,2745
mymini,2746
mynewfavouriteband,2747
mypeeps,2748
mysong,2749
mystery,2750
mysteryland,2751
MysticMorgan,2752
myweekend,2753
Nadal,2754
nailedit,2755
naked,2756
Name,2757
narsism,2758
Nas,2759
nationaltrust,2760
natural,2761
naughtykimmyd,2762
navi,2763
Navy,2764
nayda,2765
nbury,2766
NCC,2767
nclvisit,2768
ndevon,2769
ndr,2770
Neco,2771
needtickets,2772
needtobethere,2773
needtodriveasap,2774
NeedToGo,2775
needtogotobed,2776
nefollowers,2777
nefood,2778
nelspruit,2779
neon,2780
nepal,2781
nepali,2782
nerves,2783
Nervous,2784
netball,2785
neveragain,2786
nevergetsold,2787
Neville,2788
new,2789
newcastle,2790
newdawn,2791
newday,2792
newdelhi,2793
newmememory,2794
newmemories,2795
NewMusic,2796
NewportBeach,2797
news,2798
NewsbeatLive,2799
newspaper,2800
newtack,2801
newtwinneeded,2802
NewYork,2803
NewYorkPride,2804
nextsummeryoullbeout,2805
nexttime,2806
nextyear,2807
NeYo,2808
nffc,2809
ngenga,2810
nhs,2811
nice,2812
nieuws,2813
nieuwsamsterdam,2814
niggasbelike,2815
night,2816
NightLife,2817
nightmade,2818
nightmare,2819
NightOut,2820
nightwish,2821
nikeplus,2822
nile,2823
nilerodgers,2824
nilerodgerslegend,2825
nilerogers,2826
nimmitabel,2827
niñas,2828
ninja,2829
NL,2830
nochance,2831
nofilter,2832
NoFourthOfJulyForMe,2833
nogmo,2834
noidea,2835
NOjudgement,2836
nomakeupsaturday,2837
nomames,2838
nomud,2839
nomuddyfeet,2840
nonceroo,2841
none,2842
nonsense,2843
norain,2844
noresalevalue,2845
norliekkv,2846
normal,2847
north,2848
northamptonshire,2849
NorthumberlandPlate,2850
norti,2851
nosatisfaction,2852
noshowerfor4days,2853
nosleep,2854
nosleepingbag,2855
nosmile,2856
Not,2857
notaboybandtour,2858
NotActuallyThereJustWatchingItOnTheBBC,2859
notadirectioner,2860
notaplasticrugbyfan,2861
NotCauseIWasAnyGood,2862
notclever,2863
noteveryday,2864
notgoingout,2865
nothanks,2866
nothingless,2867
nothungry,2868
notjealous,2869
notne,2870
notnews,2871
NotoriusForRain,2872
notprofessionals,2873
NotRealFans,2874
NotTennis,2875
NotTrapped,2876
noveltyhats,2877
novisad,2878
now,2879
nowellies,2880
nowins,2881
nowlistening,2882
noWords,2883
nowork,2884
nowplaying,2885
nowspinning,2886
NowTV,2887
NowWatching,2888
np,2889
NRJHITS,2890
nufc,2891
nuke,2892
Nusantara,2893
Nutrition,2894
nw,2895
NWmusichour,2896
ny,2897
nyc,2898
nzmustdo,2899
oaf,2900
Oasis,2901
oatlands,2902
Obsessed,2903
obssesedf1fans,2904
occupygezi,2905
ocean,2906
Oconnor,2907
of,2908
off,2909
oh,2910
ohdear,2911
ohhello,2912
ohnonono,2913
ohyes,2914
OktoberFest,2915
old,2916
oldest,2917
oldfriends,2918
OldLads,2919
oldschool,2920
oldtown,2921
oldtrafford,2922
omfg,2923
omg,2924
oneday,2925
onedirection,2926
onehourtogo,2927
onemadnight,2928
onemoreday,2929
onemoreregret,2930
oneofakind,2931
onlycreepstalktome,2932
onlyhaveonesong,2933
onnodig,2934
onportobello,2935
onrepeat,2936
ontheblog,2937
ontv,2938
oomf,2939
ootd,2940
Opening,2941
opticians,2942
ora,2943
orabots,2944
Orbee,2945
orelsan,2946
Organic,2947
OrganicGardening,2948
Oromo,2949
osteopath,2950
otherstage,2951
ouch,2952
Oudenaarde,2953
Outdoor,2954
outfit,2955
outnumberedbywomen,2956
outside,2957
Ovejas,2958
overdriveforlife,2959
OVERDRIVERS,2960
overhypedbbcw,2961
overload,2962
overtoyoulove,2963
Oxfam,2964
oxford,2965
oxfordshire,2966
P,2967
P226,2968
pachsurf,2969
paddockclub,2970
paddypower,2971
PAFC,2972
pain,2973
Paire,2974
palma,2975
pancakes,2976
pandora,2977
panget,2978
Panicover,2979
pantai,2980
panto,2981
paperartist,2982
paradise,2983
ParadisoFestival,2984
paris,2985
park,2986
parkrun,2987
Parks,2988
Parlez,2989
party,2990
partyhatdy,2991
PartyNowCryLater,2992
partyon,2993
PartyRock,2994
partytime,2995
partyy,2996
pasadena,2997
paseo,2998
passion,2999
pataytayojan,3000
PaulWeller,3001
pawai,3002
payday,3003
paz,3004
pdx,3005
peace,3006
peaceful,3007
PeaceTreaty,3008
Pedophile,3009
PekanReksaDana,3010
Pembrokeshire,3011
Pendleside,3012
Peñíscola,3013
Pennetta,3014
Pensioners,3015
people,3016
peopleschoice,3017
Peppermint,3018
perfect,3019
perfectday,3020
perfection,3021
PerfectSaturday,3022
Perfume,3023
perfumed,3024
perishing,3025
pertederacines,3026
pertikabumiNas2013,3027
pest,3028
PeteDoherty,3029
pets,3030
Petshopboys,3031
PFW,3032
pharrel,3033
philly,3034
photo,3035
photographed,3036
Photographer,3037
photography,3038
photograpy,3039
photooftheday,3040
photoshoot,3041
pic,3042
pickoftheday,3043
picnic,3044
picoftheday,3045
picoso,3046
picsart,3047
picstitch,3048
pict,3049
piercings,3050
pijamada,3051
pilie,3052
Pillow,3053
pillowfight,3054
pillows,3055
pilote,3056
Pimms,3057
pindi,3058
pink,3059
pint,3060
Pintados,3061
pintas,3062
pinuppoolparty,3063
pip2013,3064
piss,3065
pissingourlicencefeeupthewall,3066
PissyPants,3067
pitbulllove,3068
PitchMatch,3069
placement,3070
PlanetJoy,3071
plasticbags,3072
Play,3073
playa,3074
playgrounds,3075
PLAYHARD,3076
playingmorethanthesingles,3077
playlist,3078
pleasant,3079
please,3080
pleaseprovemewrong,3081
pleasewin,3082
pleh,3083
plop,3084
pls,3085
Plumlove,3086
pluto,3087
plymouth,3088
PMUpdates,3089
poderfreak,3090
Pointless,3091
pokewmon,3092
POL,3093
polar,3094
pole,3095
polefitness,3096
Police,3097
PolishPower,3098
Pollution,3099
pompeii,3100
poncho,3101
pond,3102
pool,3103
poolday,3104
Popband,3105
popfestival,3106
popmusicisshit,3107
PoppinBottles,3108
popup,3109
Porque,3110
porridge,3111
portishead,3112
Portisheadtriathlon,3113
Portland,3114
Portsmouth,3115
portugal,3116
poshlv,3117
position,3118
positivevibes,3119
positividad,3120
Postcards,3121
postingiklan,3122
pot,3123
potato,3124
potatomad,3125
potenza,3126
potheadproblems,3127
pottyheads,3128
power,3129
powerful,3130
PowerOfFour,3131
prediction,3132
prematchfifa,3133
PremierLeagueYears,3134
prepared,3135
preseasonmorning,3136
presents,3137
presidente,3138
press,3139
pressie,3140
pressure,3141
pretty,3142
prettyhustle,3143
PreviousTweet,3144
priceless,3145
pride,3146
pride2013,3147
PrideinLondon,3148
PrimalScream,3149
PrimalScreams,3150
PRIMOS,3151
princeharry,3152
princess,3153
priorities,3154
privatejet,3155
prizes,3156
Probation,3157
problems,3158
professorgreen,3159
progreen,3160
projects,3161
prom,3162
Prom13,3163
propermusic,3164
proud,3165
ProudNaija,3166
pryamidstage,3167
pub,3168
PueblaAïda,3169
pugibet,3170
puglia,3171
pukkelpop,3172
Pulp,3173
Pump,3174
pumped,3175
pumpedup,3176
pumpup,3177
pumpupthevolume,3178
punafterpun,3179
punk,3180
Punks,3181
puntacana,3182
puppy,3183
purafelicidad,3184
PURE,3185
puretalent,3186
puropary,3187
purpleaki,3188
Purplebiz,3189
purplerain,3190
Purps,3191
Putos,3192
putrajaya,3193
pyramid,3194
PyramidStage,3195
qantaschoir,3196
qbase,3197
QnA,3198
Qreview,3199
Qualifiche,3200
quality,3201
QualityBand,3202
Quechua,3203
queen,3204
queenmum,3205
Queenofwimbledon,3206
Queenstown,3207
queer,3208
queerlife,3209
queue,3210
quierounoasi,3211
Quote,3212
quotes,3213
R,3214
R4,3215
r4today,3216
raaaah,3217
rabbit,3218
races,3219
racing,3220
Racketballnationals,3221
Radio1,3222
radio1xtra,3223
radio4,3224
radio6,3225
radiohead,3226
RadioOne,3227
Radwanska,3228
RAEDIOS,3229
Raikkonen,3230
Räikkönen,3231
railton,3232
rain,3233
rainforest,3234
raining,3235
rainy,3236
rainyday,3237
raiseawareness,3238
rally,3239
RallyTheRevengers,3240
RAMMSTEIN,3241
random,3242
randomfact,3243
rangetime,3244
raphero,3245
Rapper,3246
rarepost,3247
Ratchet,3248
rave,3249
raver,3250
rawr,3251
Rawww,3252
raybans,3253
raybanvision,3254
readers,3255
reading,3256
ready2roar,3257
Real,3258
RealDjs,3259
ReallyNeedSleep,3260
rebel,3261
recession,3262
recipe,3263
recordeditlastnight,3264
recyclednutrients,3265
recycleformichael,3266
red,3267
RedArmy,3268
redboxes,3269
RedBull,3270
redbutton,3271
redfoo,3272
RedLips,3273
RedNation,3274
rednosepitbull,3275
redpanda,3276
RedRaw,3277
redvein,3278
redwhiterose,3279
redwine,3280
referee,3281
refueling,3282
regal,3283
reggae,3284
regram,3285
rehab,3286
RehashedGag,3287
relationships,3288
relax,3289
relaxation,3290
religion,3291
RemedyT,3292
remember,3293
remenising,3294
reminisce70s,3295
remix,3296
ReporterosGDL,3297
repost,3298
Represent,3299
representing,3300
resign,3301
respect,3302
rest,3303
restaurant,3304
retro,3305
retweet,3306
RevengeBTS,3307
ReverbNation,3308
rf13,3309
Rhythm,3310
ribbontower,3311
RibFest,3312
Ribs,3313
rich,3314
richardgasquet,3315
richhomiequan,3316
rickenbacker,3317
ridgley,3318
Rihanna,3319
rileys,3320
RIP,3321
RISE,3322
Riske,3323
ritabots,3324
ritaora,3325
ritmosdelmundo2013,3326
River,3327
RiverSessions,3328
rmuok,3329
rnrmc,3330
road,3331
roadtrip,3332
ROAR,3333
roaryoubastards,3334
Robbed,3335
RobbieWilliams,3336
Robson,3337
RobsonRidge,3338
rock,3339
RockArena,3340
rockband,3341
rockchallen,3342
rocking,3343
rockinroma,3344
rocklife,3345
rockmusic,3346
rocknroll,3347
rockon,3348
rockroyality,3349
rockshow,3350
rocksoff,3351
RockTheBeach,3352
Rodotà,3353
Rodriguez,3354
Rolling,3355
rollingbaines,3356
rollingsstones,3357
rollingstones,3358
rollingstonesatglasto,3359
RollingSyones,3360
romai,3361
rome,3362
rompicoglioni,3363
ronwood,3364
rooar,3365
roofon,3366
RookiesDays,3367
Rosberg,3368
Roskilde,3369
roskilde2013,3370
roskildefestival,3371
ROSTER,3372
rotherham,3373
rough,3374
round2,3375
RT,3376
RTE,3377
rtwbdaywknd2013,3378
Rubbish,3379
rugby,3380
rugbycomesfirst,3381
rugbyfamily,3382
rugbykohlanta,3383
RugbyUnion,3384
rugbyunited,3385
rugger,3386
Ruidemental,3387
RuleBritannia,3388
rulebrittania,3389
RUmine,3390
rumour,3391
RunnerUp,3392
running,3393
ruonten,3394
RussChimes,3395
russell,3396
russia,3397
RWC7s,3398
s,3399
s60,3400
Sad,3401
sadcat,3402
saddaze,3403
sadlife,3404
sadnights,3405
sadtimes,3406
SadTweet,3407
safegrad,3408
safepicks,3409
saffronwalden,3410
saintsnation,3411
sakhalin,3412
salmerum,3413
salon,3414
SamediSport,3415
sandia,3416
SandPit,3417
sanjose,3418
santacruz,3419
santo,3420
santorini,3421
SaoJoao,3422
saopaulo,3423
Sarajevo,3424
sarawak,3425
sarcasm,3426
sardegna,3427
satchatuk,3428
satchels,3429
Saturday,3430
SaturdayShoutout,3431
saudi,3432
SAVAGES,3433
SaveRockAndRoll,3434
SavetheArctic,3435
SBC2013,3436
scalextric,3437
scared,3438
ScaredForMyLife,3439
Scary,3440
scarymovie,3441
scc,3442
scfc,3443
school,3444
scorpio,3445
ScottQuinell,3446
scouse,3447
scouser,3448
scraptrident,3449
screacher,3450
Screen,3451
scx,3452
sdq,3453
se4,3454
sea,3455
SealTheSeries,3456
seaofred,3457
seashells,3458
seasick,3459
seasicksteve,3460
season,3461
Season3IsComing,3462
seattle,3463
SébastienTellier,3464
sebawilford,3465
second,3466
SecondSong,3467
secondtest,3468
secretgig,3469
sector,3470
Security,3471
seechademenos,3472
SeeOfRed,3473
seeyounextyear,3474
seibulions,3475
selca,3476
self,3477
selfie,3478
selfies,3479
selfpotrait,3480
sellittome,3481
sellouts,3482
senem,3483
senseofhumour,3484
Sensor,3485
separationanxiety,3486
Seppi,3487
Sequin,3488
serbia,3489
Serena,3490
SerenaWilliams,3491
series,3492
Series2,3493
serieswin,3494
serieswinners,3495
seriousbuisness,3496
Set,3497
sete,3498
setlist,3499
sevalesoñar,3500
Sexton,3501
sexy,3502
sexysaturday,3503
sexytime,3504
sf,3505
SF13,3506
sfu,3507
shabbychic,3508
shades,3509
shake,3510
Shakespeare,3511
shameless,3512
shanghaipeeps,3513
shangriheaven,3514
shangrila,3515
Shantychöre,3516
sharapova,3517
shariandmike,3518
SHARKYS,3519
sharn,3520
sharp,3521
SHAYONCE,3522
sheff,3523
sheffi,3524
Sheffield,3525
sheffieldaccent,3526
sheffieldissuper,3527
SheffieldMotorpointArena,3528
Sheffieldsfinest,3529
SheIsMyLife,3530
sheldoncooper,3531
shenanigans,3532
sherlocksecrets,3533
shiabs,3534
shift,3535
shinee,3536
shiny,3537
shirt,3538
shit,3539
Shite,3540
shitweather,3541
shivers,3542
ShlidOfTheDay,3543
Shmammered,3544
shoes,3545
Shoot,3546
shop,3547
shopbop,3548
shopetsy,3549
Shoplifters,3550
shopping,3551
shorts,3552
Shots,3553
shouldbeonabiggerstage,3554
shouldBeThere,3555
shoulder2shoulder,3556
shouldhavegone,3557
shouldhavemarriedhim,3558
ShoutOut,3559
ShoutsToTupac,3560
show,3561
showbizriddim,3562
shutit,3563
SHUTTHEFUCKUP,3564
siampark,3565
sick,3566
sicknight,3567
Sidmouth,3568
Sieben,3569
sig,3570
sign,3571
sil,3572
silly,3573
sillyboy,3574
sillygirl,3575
Sillyseason,3576
Silverstone,3577
silverstoneahoy,3578
silverstonecircuit,3579
silverstoneF1,3580
SilverstoneGP,3581
simivalley,3582
Simple,3583
sinem,3584
Sing,3585
Singapore,3586
singer,3587
single,3588
singles,3589
sink,3590
siralex,3591
Sista,3592
sister,3593
sisterlylove,3594
sisters,3595
sistersendoff,3596
sistersoulmates,3597
siwon407,3598
siwonchoi,3599
skate,3600
SKILLET,3601
skin,3602
SkiptheUse,3603
skittle,3604
skokie,3605
sky,3606
SkySportF1HD,3607
skysports,3608
SkySports1,3609
skysportsf1,3610
skysportsrugby,3611
SkyWankers,3612
Slamboree,3613
slaytheconvicts,3614
SlayTheUK,3615
sleepinglikeababy,3616
sleepisfortheweak,3617
sleepy,3618
sleeveless,3619
SloaneStephens,3620
slow,3621
SlowDance,3622
SlowJams,3623
sm,3624
SmackThePony,3625
smashed,3626
smashedit,3627
smashem,3628
smashthem,3629
smday,3630
smdcork,3631
smile,3632
Smiles,3633
SmileyGraph,3634
smoking,3635
smokingdogpub,3636
smooth,3637
snakegod,3638
snapchat,3639
Snapseed,3640
Sneakerz,3641
snowden,3642
snsd,3643
so,3644
sobe,3645
sober,3646
soberforever,3647
soblessed,3648
sochik,3649
SocialMedia,3650
socials,3651
SoCute,3652
soda,3653
sofa,3654
softballprobz,3655
softwareupdate,3656
Soho,3657
sokuch,3658
Solange,3659
solid,3660
solidays,3661
solongago,3662
soma,3663
Sombrero,3664
somegoodpeople,3665
somerset,3666
something,3667
SomethingCorporate,3668
Sommertour13,3669
Song,3670
songwriter,3671
sonicstage,3672
sophialee,3673
soproud,3674
sorry,3675
sorrynotsorry,3676
sorted,3677
sothere,3678
sougofollow,3679
soul,3680
SoulCity,3681
SoulTrain,3682
sound,3683
Soundbwoy,3684
soundcheque,3685
SoundCloud,3686
soundrenaline,3687
sourtimes,3688
southafrica,3689
Southampton,3690
southside,3691
southside13,3692
spaarnwoude,3693
space,3694
Spade,3695
Spark,3696
Special,3697
Specsavers,3698
speechday,3699
speechdaynotfestival,3700
Speedway,3701
spicy,3702
spiritual,3703
spittingbars,3704
spoilt,3705
spoiltchild,3706
spoiltforchoice,3707
sport,3708
sportinghub,3709
sportovermusicanyday,3710
sports,3711
SportsBetting,3712
sportsfest,3713
Spotify,3714
spray,3715
Springboks,3716
springriver,3717
sprint,3718
Spuiplein,3719
SquareEyes,3720
SS14,3721
SSRugby,3722
stadiumelectrostyle,3723
stagehand,3724
Stairs,3725
Stamford,3726
stampede,3727
stan,3728
standard,3729
standingnexttome,3730
standtogether,3731
StanleyCupFinals,3732
stansted,3733
star,3734
starbucks,3735
starquality,3736
starsigns,3737
starstruck,3738
Startalk,3739
StartMeUp,3740
State,3741
staves,3742
stay,3743
staydryenjoythewater,3744
StayingAtHome,3745
staytuned,3746
stereophonics,3747
steve,3748
stgeorge,3749
Sticky,3750
stickysituation,3751
stillclass,3752
stillz,3753
Stinkin,3754
Stockholm,3755
Stonehenge,3756
stones,3757
STONES50ANDCOUNTING,3758
StonesGlasto,3759
stopthecull,3760
storage,3761
storify,3762
storm,3763
stourhead,3764
str8up,3765
StraightPride,3766
strand,3767
strange,3768
strasbourg,3769
Strata,3770
strava,3771
Strawberries,3772
strawberriesandcream,3773
stream,3774
streetfood,3775
streng,3776
stressed,3777
StrockOn,3778
stuck,3779
stud,3780
student,3781
Studs,3782
stunning,3783
stupidme,3784
stuttgart,3785
style,3786
Styles,3787
StyleStalker,3788
stylish,3789
sublime,3790
such,3791
suchagreatnight,3792
suckitandsee,3793
SudirmanCup2013,3794
Suede,3795
suerte,3796
sufc,3797
SUFTULions,3798
SUFTUM,3799
SufTweetsTennis,3800
sugardrop,3801
SumaPuntosSi,3802
summer,3803
summer2013,3804
SummerBreakTour,3805
summerfun,3806
summermadness,3807
summernights,3808
summersonic,3809
summersquall,3810
Summertime,3811
SummerTimeinTheValley,3812
sun,3813
sunflowers,3814
sunglasses,3815
sunlight,3816
sunlook,3817
sunny,3818
sunnysaturday,3819
sunrise,3820
sunset,3821
sunshine,3822
superb,3823
supercar,3824
superfan,3825
SuperLiga,3826
superman,3827
supernatural,3828
SuperSatur,3829
SuperSaturday,3830
SuperSaturdays,3831
Support,3832
surf,3833
surfbikini,3834
surreal,3835
sushi,3836
SuuntoQuiz,3837
sw19,3838
swag,3839
sweat,3840
sweet,3841
swfc,3842
swimming,3843
Swindon,3844
swing,3845
swish,3846
sydney,3847
Syria,3848
t,3849
t4,3850
tacos,3851
tafe,3852
Tag,3853
tags,3854
TagsForLikes,3855
takeabowson,3856
takeahandful,3857
takeaway,3858
takemeback,3859
takemethere,3860
TakeOnTheTour,3861
TakeTheLittleOnesNextTime,3862
TakingMeBack,3863
talbot,3864
talkshows,3865
talksport,3866
TameImpala,3867
tampa,3868
tan,3869
Tank,3870
tankusfanboys,3871
TargetsNoticeBoard,3872
tasmania,3873
tat,3874
tats,3875
tattoo,3876
Tattoos,3877
taunton,3878
taurus,3879
tb,3880
TBT,3881
TCO,3882
tdf,3883
TdF100,3884
TDF13,3885
TDF2013,3886
tea,3887
Teaching,3888
teaclub,3889
team,3890
teambeefy,3891
teambodybuilding,3892
teambouchard,3893
teamcdhuk,3894
teamFaded,3895
teamfollowback,3896
teamglasto,3897
teamldn,3898
teamlions,3899
teammercedes,3900
TeamNatural,3901
teamnosleep,3902
teamretweet,3903
teamuk,3904
teamvine,3905
TeamWill,3906
tears,3907
Teatro,3908
teatumjones,3909
techaddict,3910
TechF1,3911
technical,3912
techno,3913
Tecnología,3914
teen,3915
teenager,3916
teens,3917
telephone,3918
TempleStage,3919
temptingfate,3920
tenerife,3921
tenggarong_city,3922
Tennessee,3923
tennis,3924
tennisnor,3925
Tent,3926
Terschelling,3927
test,3928
TestMatch,3929
texas,3930
TFLers,3931
tftd,3932
tgif,3933
TGT,3934
ThaKnows,3935
thankful,3936
thankgodforskyplus,3937
thanks,3938
thanksofficer,3939
Thankyou,3940
thankyouverymuch,3941
ThasWhyWeLoveHim,3942
thatboatismissed,3943
thatsanap,3944
thatsheethu,3945
thatsheethurttt,3946
ThatsHowItsSupposedToBe,3947
the,3948
the1975,3949
theapprentice,3950
TheArcticMonkeys,3951
theatre,3952
thebest,3953
TheBoss,3954
theboyiswaytoobuzzed,3955
theChariot,3956
thechopshopbarandgrill,3957
TheComedyUnion,3958
thecorrespondents,3959
thecourteeners,3960
thecove,3961
thefuture,3962
TheGirls,3963
theguardian,3964
theguys,3965
TheGymPestFromTheNorthWest,3966
TheHague,3967
TheHealthyDesi,3968
thehives,3969
TheHorrors,3970
thekillers,3971
thelions,3972
TheLionsWillRoar,3973
theloftwsm,3974
TheMakers,3975
TheOtherStage,3976
thepackagepillowtalk,3977
thepantobus,3978
thepark,3979
TheQueue,3980
theRebirth,3981
thereinspirit,3982
TheRollingStones,3983
thesecondlaw,3984
TheSmiths,3985
thespace,3986
thetimes,3987
thetodayshow,3988
TheTongueGlasto2013,3989
TheTurnUpIsActiveRightNow,3990
TheVaccines,3991
TheVoice,3992
TheWalkingDead,3993
TheWho,3994
theyreSellingRamonesTshirtsInTopShop,3995
TheZoo,3996
thingstodobeforeyoudie,3997
THINK06,3998
thinking,3999
thirdweddinginjunealone,4000
thisispainful,4001
ThisIsWhatICallAGoodAssNight,4002
thisisyourturf,4003
thissanctuary,4004
thissucks,4005
thistime,4006
though,4007
threesome,4008
ThroughCurlyStrawsAndMetaphors,4009
throwback,4010
throws,4011
thuggin,4012
Tibet,4013
TibetFl,4014
Tick,4015
Tickets,4016
ticketsplease,4017
ticketswap,4018
ticketwasted,4019
tigers,4020
tigersfamily,4021
tigerspride,4022
Tilburg,4023
time,4024
TimeManagement,4025
times,4026
timesaretough,4027
timetogethpthen,4028
tinthepark,4029
tinthepark2013,4030
tipifield,4031
tips,4032
tired,4033
tiredasfuck,4034
tiredygirl,4035
titanic,4036
titine,4037
tix,4038
to,4039
toasterflag,4040
toasterglastonbury,4041
tob2013,4042
today,4043
todaypict,4044
TodosConAlonso,4045
toffssport,4046
Tommamótið,4047
tommybowe,4048
tomodell,4049
tomorrow,4050
Tomorrowland,4051
tomorrowland2013,4052
tone,4053
TongueInCheek,4054
tonight,4055
tonightsucked,4056
tonys,4057
TooEarlyForNoSleep,4058
tooexcited,4059
TooFuckinOld,4060
TooFunny,4061
toomuchfun,4062
toomuchsportisneverenough,4063
toooldforthisshit,4064
top10,4065
topband,4066
topboozer,4067
topdaughter,4068
topman,4069
topnotch,4070
topset,4071
topshop,4072
Toptip,4073
toptune,4074
TopVote,4075
torino,4076
Toronto,4077
ToroRosso,4078
Torremolinos,4079
tou,4080
ToungeInCheek,4081
tour,4082
TourdeFrance,4083
TourDeFrance13,4084
TourdeFrance2013,4085
towerbridge,4086
town,4087
toy,4088
toys,4089
tradition,4090
traffic,4091
tragedy,4092
train,4093
trainerslounge,4094
Trainhard,4095
Trap,4096
travel,4097
travelsheikh,4098
TreacleTreatPack,4099
Treasury,4100
tree,4101
trial,4102
Trim,4103
trip,4104
triphop,4105
trollolo,4106
truefriends,4107
truereligion,4108
trueTibet,4109
trussler,4110
trust,4111
Truth,4112
try,4113
tshirt,4114
TSN,4115
TTAssen,4116
ttot,4117
Tuilagi,4118
tumblr,4119
tune,4120
TuneAfterTune,4121
tunes,4122
TuneSquad,4123
tunis,4124
turksontour,4125
TurnDownFaWhat,4126
turndownforwhat,4127
turnedoutbetterthanithought,4128
turningitoff,4129
TurnMeOut,4130
TURNT,4131
turntup,4132
turnup,4133
turtle,4134
tutus,4135
tv,4136
tvjoy,4137
Twacked,4138
twat,4139
twats,4140
tweegram,4141
tweet2friends,4142
TweetNoticia,4143
Twickenham,4144
twins,4145
twisto,4146
twitcomp,4147
Twitter,4148
twitter92,4149
twittrock,4150
twodoorcinemaclub,4151
twoweeksago,4152
Tyrese,4153
u,4154
u20wc,4155
UAAPS76,4156
UAE,4157
UCAPtour,4158
UGH,4159
Uitgaan,4160
UK,4161
ukbap,4162
UKedTravels,4163
UkNews,4164
ULTIMAHORA,4165
UMadBro,4166
UN,4167
unclean,4168
unexpectedkindness,4169
UnionJack,4170
united,4171
UnitedByTwitte,4172
UnitedByTwitter,4173
unitedkingdom,4174
universalstudios,4175
UNIVERSE,4176
universityofsheffield,4177
unproductive,4178
unreal,4179
unyu,4180
uonewcastle,4181
upallnight,4182
urban,4183
urbanbeach,4184
UruapanMexicanLoqui,4185
Us,4186
usa,4187
uselesspricks,4188
UShaped,4189
uto,4190
v,4191
Vacation,4192
vaccines,4193
Vamos,4194
vampireweekend,4195
vancouver,4196
vanhunks,4197
vddj,4198
Veenpark,4199
Vegas,4200
Vegaslife,4201
vegetable_fruit_juice,4202
vegetarian,4203
Venga,4204
ventoftheday,4205
ventura,4206
Verano,4207
Verano13,4208
verano2013,4209
Vergne,4210
veryexcite,4211
veryexcited,4212
Vettel,4213
vfest,4214
Vibration,4215
victorious,4216
victory,4217
video,4218
Vidic,4219
viernes,4220
vinapola,4221
Vinci,4222
vintage,4223
VintageFair,4224
vinyl,4225
vip,4226
VIPstatus,4227
VipStyle,4228
virgi,4229
Virtual,4230
visually,4231
vodkaninjas,4232
vogue,4233
voice,4234
volunteer,4235
volunteers,4236
volvo,4237
VR46,4238
vrooom,4239
vsco,4240
vscocam,4241
vscophile,4242
W71P42,4243
waaaaaaahhhhhhh,4244
wacky,4245
waffles,4246
wahhh,4247
waitelectricitybillfinnabeoffthechain,4248
waiting,4249
waitnooasis,4250
waitrose,4251
WakenTheCityUp,4252
walk,4253
walked,4254
Wallabies,4255
wallabiesvlions,4256
wallabiewipeout,4257
Wallaby,4258
wallbies,4259
wallowinginsadness,4260
WALvLIO,4261
wankers,4262
wannabes,4263
wannabethere,4264
WannaGoHome,4265
want,4266
wanttogosobad,4267
WAR,4268
warchild,4269
warm,4270
warmnight,4271
warmweather,4272
wasted,4273
watchagain,4274
watching,4275
watchingfromcomfortofsofa,4276
Water,4277
watercress,4278
waterfall,4279
watermelon,4280
waw,4281
wawaw,4282
wawela2013,4283
WayTooDamnHot,4284
WayTooOldNow,4285
we,4286
WeAintDoneYet,4287
weaklinks,4288
weallwegot,4289
WeAreFamily,4290
wearredday,4291
weather,4292
webbanalys,4293
Webber,4294
webcam,4295
webstagram,4296
WebWonder,4297
WEC,4298
wecanwintheseries,4299
Wedding,4300
weddingphotography,4301
weddingseason,4302
weddingwarmups,4303
weekend,4304
Weekend2,4305
WeekendBeats,4306
weekendishere,4307
WeekendSorted,4308
Weer,4309
weird,4310
welcomehome,4311
wellbeing,4312
WellDone,4313
weller,4314
wellieBoots,4315
wellies,4316
welljel,4317
Wells,4318
weloverugby,4319
Welsh,4320
WelshLion,4321
welshrugby,4322
WeNeedAFan,4323
WeOwnYou,4324
werehaveibeen,4325
West,4326
westholts,4327
weston,4328
wetite,4329
wetsuit,4330
whales,4331
whatababe,4332
whataguy,4333
whatamIgo,4334
whatamIgonnado,4335
WhatAnHonour,4336
whataprick,4337
whatdowedonow,4338
whatflood,4339
WhatIsLyfe,4340
whatismylife,4341
whatmoredoyouneed,4342
whatmusicis,4343
whatsgoingon,4344
whatson,4345
whatsthatallabout,4346
whatthe,4347
WhatTheFuckHappenedToMe,4348
wheel,4349
when,4350
WhenTheSunGoesDown,4351
WhereIsWayne,4352
WheresAllTheWhiteFlagsInTheWorld,4353
wheresmyslippers,4354
wheresthefootball,4355
white,4356
whitechoc,4357
Whitehorse,4358
whitemencantdance,4359
WhiteNoise,4360
whocares,4361
whoneedsmud,4362
Whooooop,4363
Whoops,4364
Whoopwhooop,4365
whootie,4366
WHY,4367
whyaminotthere,4368
whyme,4369
whyseveryoneeatingALLthechemistryseteverynighttheyareawreckandcantwalk,4370
wi,4371
wicked,4372
WickermanFest,4373
wife,4374
WiFi,4375
wigradio,4376
Wildcat,4377
wildlife,4378
Wiley,4379
willberaving,4380
Williams,4381
willpower,4382
WillSmith,4383
willtheywontthey,4384
Wimbeldon,4385
Wimbldon,4386
Wimbledon,4387
Wimbledon13,4388
Wimbledon2013,4389
WimbledonQueue,4390
wimbledontennis,4391
WimbleNAPs,4392
Wimblepun,4393
wimp,4394
Win,4395
Winbledon,4396
window,4397
windows,4398
wine,4399
Winery,4400
winetasting,4401
Winmbledon,4402
winnebago,4403
Winner,4404
winners,4405
winning,4406
winninglions,4407
Winter,4408
Winterfest,4409
wirefm,4410
Wireless,4411
wisdomteeth,4412
wishingIwasAtGlasto,4413
wishInIwasthere,4414
wishiwasinMelbourne,4415
wishiwasthere,4416
wishwecouldbethere,4417
witchinghour,4418
with,4419
withdrawals,4420
withdrawalsymptoms,4421
withlove,4422
WithMyBoy,4423
WithoutMyPC,4424
wizkhalifa,4425
wolves,4426
wolvesaywe,4427
WolvesFamily,4428
woman,4429
women,4430
womensfooty,4431
womw,4432
wondeful,4433
wonderful,4434
wonogiri,4435
wonosobo,4436
woo,4437
wood,4438
woodencock,4439
Woodland,4440
Woodrush,4441
WOOF,4442
woohoooooo,4443
woolwich,4444
woop,4445
WoopWoop,4446
wordsineversaidbefore,4447
work,4448
workaholics,4449
workat9,4450
Workhard,4451
workinghard,4452
WorkInTheMorning,4453
workrate,4454
world,4455
worldsbiggestparty,4456
worldwide,4457
worldwidefestival,4458
WorthyView,4459
woulddoitallagain,4460
wouuuuuu,4461
wow,4462
WrapItUp,4463
wrugby,4464
WTA,4465
WTAMiami,4466
wtf,4467
wwfc,4468
x27,4469
Xbox,4470
xgames,4471
xxi,4472
yafem,4473
Yahoo,4474
Yaldi,4475
YAlit,4476
yanis,4477
yannisyannis,4478
yawn,4479
yay,4480
YCF13,4481
YCiF,4482
yeaaaahhh,4483
Yeah,4484
yeahboi,4485
yearago,4486
yee,4487
yeezus,4488
yeg,4489
yellow,4490
yellowbricks,4491
yesterday,4492
Yoga,4493
yogafest,4494
yogyakarta,4495
yolo,4496
yolobaby,4497
yorkshire,4498
YOU,4499
youcandoit,4500
YouKnowYouAreATennisFanWhen,4501
YouLuckyPeople,4502
young,4503
YoungCarers,4504
youngs,4505
yourface,4506
yourself,4507
yoursupposedtobeathome,4508
youth,4509
YouthTheatre,4510
YouTube,4511
youvebeenbarlowed,4512
YouWillBeMissed,4513
YuliaKondranina,4514
yum,4515
yummy,4516
yumyum,4517
yunio,4518
yurtalert,4519
yyc,4520
z,4521
Z_1,4522
Z_2,4523
Zaandam,4524
zaterdag,4525
zeebox,4526
zollamt,4527
zombieface,4528
ZON,4529
zondag,4530
ZoneArt,4531
zoo,4532
zzzzz,4533
????,4534
????,4535
???????,4536
????,4537
???????????,4538
???????,4539
????,4540
????????,4541
???????,4542
???,4543
??????,4544
?????????????????,4545
??????,4546
?????,4547
????,4548
?????,4549
?????,4550
??,4551
??????,4552
?????,4553
????,4554
TRUE,4555
